kappa,tau_policy,arm,averted_r1,averted_r2,averted_r3,averted_r4,averted_r5,averted_r6,averted_r7,averted_r8,ss_r5_8,amplitude_r5_8
2.0,fixed,keep,19.3,19.31,19.35,19.33,19.32,19.25,19.32,19.34,19.31,0.09
2.0,fixed,retrain,19.3,6.77,12.26,6.86,12.17,6.79,12.23,6.85,9.51,5.44
2.0,fixed,unalerted,19.3,19.35,19.23,19.36,19.19,19.19,19.26,19.28,19.23,0.09
2.0,fixed,untreated,19.3,19.28,19.29,19.37,19.29,19.22,19.3,19.33,19.29,0.11
2.0,fixed,cond,19.3,15.96,16.68,16.59,16.42,16.39,16.52,16.51,16.46,0.13
2.0,adaptive,keep,19.3,19.31,19.35,19.33,19.32,19.25,19.32,19.34,19.31,0.09
2.0,adaptive,retrain,19.3,13.34,20.23,12.41,20.18,12.32,20.19,12.4,16.27,7.87
2.0,adaptive,unalerted,19.3,19.32,19.32,19.35,19.3,19.22,19.3,19.34,19.29,0.13
2.0,adaptive,untreated,19.3,19.31,19.32,19.34,19.3,19.22,19.31,19.34,19.29,0.12
2.0,adaptive,cond,19.3,17.78,17.41,17.49,17.44,17.3,17.42,17.46,17.41,0.16
0.0,fixed,retrain,16.13,4.53,12.51,4.74,12.23,4.66,12.3,4.72,8.48,7.64
0.0,adaptive,retrain,16.13,16.12,16.15,16.15,16.04,15.97,16.09,15.97,16.02,0.12
1.0,fixed,retrain,19.47,6.58,12.43,6.71,12.26,6.65,12.34,6.67,9.48,5.69
1.0,adaptive,retrain,19.47,15.03,19.93,13.6,19.84,13.4,19.97,13.42,16.66,6.56
2.0,fixed,retrain,19.3,6.69,12.33,6.82,12.17,6.74,12.22,6.79,9.48,5.48
2.0,adaptive,retrain,19.3,13.27,20.12,12.46,20.09,12.21,20.18,12.26,16.18,7.97
